{
  "0_0": 131.20503543623144,
  "0_1": 129.5413470993117,
  "0_2": 131.93428571428572,
  "0_3": 135.6437917860554,
  "0_4": 134.12720234604106,
  "0_5": 131.85641791044776,
  "0_6": 139.03956602031394,
  "0_7": 137.35781710914455,
  "0_8": 158.90553765978368,
  "0_9": 164.75411764705882,
  "0_10": 143.5023488692232,
  "0_11": 135.93975762711864,
  "0_12": 134.05023755868544,
  "0_13": 137.76896714975845,
  "0_14": 141.79215265700483,
  "0_15": 140.18393921568628,
  "0_16": 135.06392046242775,
  "0_17": 144.28052986512523,
  "0_18": 153.51887623268698,
  "0_19": 160.61132658959536,
  "0_20": 155.96539828080228,
  "0_21": 138.64876098104793,
  "0_22": 132.43128450704225,
  "0_23": 131.94439814607162,
  "1_0": 135.73602630341668,
  "1_1": 135.04370833333334,
  "1_2": 132.05540616246498,
  "1_3": 131.98034418706294,
  "1_4": 132.5554358974359,
  "1_5": 141.7703703703704,
  "1_6": 133.04076408787012,
  "1_7": 140.49838095238096,
  "1_8": 165.75446428571428,
  "1_9": 154.35667192982456,
  "1_10": 138.54901457725947,
  "1_11": 141.60659133709981,
  "1_12": 138.53426134852802,
  "1_13": 130.0194797687861,
  "1_14": 148.41720215053763,
  "1_15": 145.28924418604652,
  "1_16": 138.81031529411766,
  "1_17": 145.89046242774566,
  "1_18": 158.11235795454547,
  "1_19": 159.7710153256705,
  "1_20": 153.19324387464388,
  "1_21": 133.54365079365078,
  "1_22": 134.70455088702147,
  "1_23": 134.85616081871345,
  "2_0": 134.18699000700744,
  "2_1": 132.87606267806268,
  "2_2": 138.183,
  "2_3": 138.9454942776204,
  "2_4": 140.2402353506244,
  "2_5": 132.9785100286533,
  "2_6": 131.523509396637,
  "2_7": 142.25002608695652,
  "2_8": 166.03825072886298,
  "2_9": 156.6978286516854,
  "2_10": 142.09257245963914,
  "2_11": 142.29311428571427,
  "2_12": 144.28253745318352,
  "2_13": 141.8719071358749,
  "2_14": 147.43065975024015,
  "2_15": 140.11466275659825,
  "2_16": 145.39774801587302,
  "2_17": 135.9515775862069,
  "2_18": 153.2736505681818,
  "2_19": 168.1428819047619,
  "2_20": 148.68279883381922,
  "2_21": 141.11897540250447,
  "2_22": 136.7912742857143,
  "2_23": 140.68994413407822,
  "3_0": 127.99956015213432,
  "3_1": 134.90242990722476,
  "3_2": 137.60527976058523,
  "3_3": 139.1523391304348,
  "3_4": 136.87676488095238,
  "3_5": 139.6283963705826,
  "3_6": 137.8034582132565,
  "3_7": 143.99279538904898,
  "3_8": 165.61335227272727,
  "3_9": 158.1128945210728,
  "3_10": 141.75443714285714,
  "3_11": 134.63231589147287,
  "3_12": 138.63292618357488,
  "3_13": 138.57284057971015,
  "3_14": 140.78154005970148,
  "3_15": 143.34507210884354,
  "3_16": 142.12031805157594,
  "3_17": 140.6010042635659,
  "3_18": 155.9081264565425,
  "3_19": 160.85793467819403,
  "3_20": 163.3881885325559,
  "3_21": 135.16587865168538,
  "3_22": 131.97039210019267,
  "3_23": 139.25038192419825,
  "4_0": 131.11962986488294,
  "4_1": 137.99715568862277,
  "4_2": 135.11628875968992,
  "4_3": 137.67935162241886,
  "4_4": 147.91579886685554,
  "4_5": 129.65008746355687,
  "4_6": 142.742783625731,
  "4_7": 138.36962750716333,
  "4_8": 166.7506017191977,
  "4_9": 156.56725428571428,
  "4_10": 147.442774566474,
  "4_11": 144.04957020057307,
  "4_12": 147.6582061281337,
  "4_13": 137.33286200194365,
  "4_14": 139.49396974358973,
  "4_15": 141.7953785074627,
  "4_16": 139.96806914995224,
  "4_17": 142.18776160458452,
  "4_18": 156.1968959537572,
  "4_19": 162.6377100684262,
  "4_20": 154.38703488372093,
  "4_21": 142.6827123420797,
  "4_22": 132.06793984220909,
  "4_23": 130.0710650887574,
  "5_0": 127.95157591651375,
  "5_1": 124.29819526627219,
  "5_2": 136.65640793201132,
  "5_3": 144.73455,
  "5_4": 133.50531400966184,
  "5_5": 134.4581137829912,
  "5_6": 133.8124431818182,
  "5_7": 139.53837535816618,
  "5_8": 148.60366647058822,
  "5_9": 158.49912790697672,
  "5_10": 149.08294797687861,
  "5_11": 134.83190883190883,
  "5_12": 142.36120263653484,
  "5_13": 141.44813220018887,
  "5_14": 145.74975484496125,
  "5_15": 140.75811209439527,
  "5_16": 141.9136335282651,
  "5_17": 146.93283519061583,
  "5_18": 151.03703703703704,
  "5_19": 160.92867140151517,
  "5_20": 147.98845748502995,
  "5_21": 137.66592370160527,
  "5_22": 136.6765867052023,
  "5_23": 136.53748680351907,
  "6_0": 128.98235176522869,
  "6_1": 134.81928502941818,
  "6_2": 134.36372238514173,
  "6_3": 132.78802541544476,
  "6_4": 131.35648318924112,
  "6_5": 136.0884212669683,
  "6_6": 135.6434017595308,
  "6_7": 142.9113352545629,
  "6_8": 156.91720017237665,
  "6_9": 155.0457007558915,
  "6_10": 143.08546401515153,
  "6_11": 142.71399416909622,
  "6_12": 140.71154214559388,
  "6_13": 139.23833333333332,
  "6_14": 138.6757662835249,
  "6_15": 137.64290651558073,
  "6_16": 136.1880193236715,
  "6_17": 143.4404655004859,
  "6_18": 145.77663817663816,
  "6_19": 156.30020074696546,
  "6_20": 146.0110783625731,
  "6_21": 142.3593370577281,
  "6_22": 153.20723646723647,
  "6_23": 134.1124515503876
}